repost	44420
würde	29110
süßvieh	18888
kadse	9000
richtig fette titten	8420
jailbait	6811
drecksvieh	6600
sauced	6186
VERDIENT	5550
titten	5362
Weltkulturerbe	5253
pooper	4428
Original Content	4121
Benisfarmer	4117
unsere Jungs	4046
cat	3993
jenes gesäß	3676
wallpaper	3621
redhead	3531
feet	3491
fake	3340
bester mann	3336
Artgerechte Haltung	3271
earthporn	3258
trap	3190
lohnt	2818
benis	2682
loop	2578
dat ass	2520
kann man mal machen	2407
sexy	2359
katze	2283
untermensch	2251
kunst	2249
kreiselficker	2214
tattoo	2170
porn	2159
bdsm	2143
tag deinen scheiß	2140
musste scrollen	2042
anime	2039
unerwartet	2008
alt	1978
blonde	1976
gay	1956
deep	1923
anal	1889
BarBusigeBitch	1866
Bellkadse	1811
untermenschen	1808
Hund	1789
work	1782
countryballs	1772
mimify	1764
Falk der Hurensohn	1759
404	1744
kefer	1737
repost des todes	1737
arsch	1721
art	1720
4chan	1656
Star Wars	1656
wasted	1655
girl	1649
Vergewaltigungshose	1573
cosplay	1557
murica	1544
selfie	1544
tl;dr	1536
kindheit	1507
HURENSOHN	1492
nigger	1482
älter als das internet	1482
stockings	1479
pokemon	1472
simulant	1472
bondage	1469
ach das ist ingame	1466
Nicht so tief rüdiger	1461
Fick nicht mit dem Ficker	1442
rape	1413
bagina	1391
fail	1381
nippel	1365
hitler	1358
blowjob	1349
foodporn	1349
420	1327
Guter loop	1319
Darmstadt	1315
Rassenschande	1309
3deep5me	1291
luter goop	1278
blond	1266
wörk wörk	1229
perfekt	1196
tag dein scheiß	1178
pr0gramm hat Bildungsauftrag	1162
japan	1159
fedor	1145
milf	1130
ginger	1128
nostalgie	1120
putin	1115
der hat doch an	1112
hot bitch	1102
Religion des Friedens	1090
knastköder	1084
geil	1081
loch ist loch	1075
comic	1071
Unfall	1064
Kartoffelkamera	1052
da drückste Plus	1040
was zum fick bin ich sehend	1027
weed	1027
links neben der Leertaste	1017
heels	1002
the fappening	995
pr0gramms schönste mösen	989
Anal ist kein Fremdwort	981
muss man wissen	974
traumfrau	974
warporn	969
ekelhaft	959
Brunette	950
motivational	938
bikini	937
erwartung nicht erfüllt	937
lustig weil fett	935
pr0gramm	935
fett	933
asian	930
simpsons	922
Photoshop	921
ebola	919
wtf	918
lol	916
greentext	909
latex	905
Carporn	898
teen	888
hackfresse	887
lecker	883
Dickbutt	871
neger	871
butt	870
sourced	868
cumshot	866
Lego	865
cute	856
lesben	853
URALT	851
10/10	849
lsd	846
DerErdnussKrieg	842
süßsauervieh	837
privatscheiss	834
783nm	833
würde hart	832
loop 10/10	827
penis	821
richtig dicke titten	821
raep	812
wandpapier	806
Nicht unsere Jungs	801
euter	797
nice	797
batman	796
augenkrebs	791
the	786
dog	784
Mach endlich Pornos	774
Rechts vor Links	774
kann ich auch mach ich aber nich	774
cum	773
caturday	767
sandnigger	767
game of thrones	764
fick mich blick	763
Eure Armut kotzt mich an	761
erwartungen nicht erfüllt	758
saftig	758
0815	757
fag	752
brüste	744
würde beide	744
brazzers	740
South Park	738
links neben leertaste	738
pr0n	734
geht auf meine uni	732
würde trotzdem	727
headshot	724
nope	723
strümpfe	721
vagina	721
jesus	715
NSFB	707
auto	707
jude	703
fogel	701
piercing	701
obama	698
Papas ganzer stolz	697
Nice Tits	690
hässlich	689
Breaking Bad	688
seems legit	687
wow	687
still not asking for it	686
hipster	683
schnitzel	681
got	680
rekt	672
skyrim	672
Japsenscheiße	669
aids	667
attention whore	665
bitch	665
dicke titten	663
russia	662
boobies	648
weg zur uni	642
falk	640
deal with it	637
klassiker	637
doge	633
Dildo	632
Family Guy	631
russland	630
newfag	624
Bier	622
ecchi	622
prachtarsch	617
lesbian	602
titties	600
erwartung erfüllt	597
unlustig	597
Posenfotze	596
da drückste minus	596
ISIS	595
weichzeichner	594
USA	593
cunnilingus	588
sex	588
lunzierbar	587
gesunder mischkonsum	585
legende	583
strand	583
Deepthroat	580
deutsche ingenieurskunst	579
scheiße	576
Federkadse	574
p0rngramm	574
qualitätsjournalismus	574
weirdest boner	572
nude	564
zelda	564
cameltoe	563
emma watson	563
Imran	562
dummvieh	560
spongebob	560
socken	550
süß	549
DA DRÜCKSTE PLUS!	547
heiratsmaterial	546
bestimmt schon 12	545
feucht	545
sasha grey	544
sie hegen groll	538
fliesentisch	537
fuck	537
perfect	537
auslaufmodell	536
gta	536
natürliche selektion	536
schwul	534
404 tits not found	533
thanks obama	532
bmw	530
Irgendwas mit Richter	529
fap	529
cyanide	527
verdruffte filmt man nicht	525
happiness	521
old but gold	519
rip	517
wunderschön	517
erwartungen erfüllt	516
faggot	515
Alientechnologie	513
langweilig	513
muschi	513
rule 34	513
Ficktitten	511
ban pls	510
berlin	509
Feminismus	508
Gesichtsaward	507
nigga	506
Tiger	505
Cyanide and Happiness	504
aber schicks keinem	504
bumsklumpen	504
müll	502
peng voll in die fresse	501
LiveLeak Gütesiegel	499
Nazi Nostalgie	497
swag	497
datass	496
hässlon	496
suicide girls	494
alien	493
sie will den hahn	493
acab	488
One Piece	487
fotze	487
links vor rechts	485
der	484
yolo	484
caprice	481
nicht so deep rüdiger	481
spoiler	481
Deutschland	480
Gernhart Reinholzen	480
allahu akbar	478
BILD	477
wiggle wiggle	476
duckface	475
troll	475
bär	473
musel	473
würde nicht	473
frau	472
haarige angelegenheit	472
ob du behindert bist	471
cancer	470
milchtüten	470
gutes	469
eyeporn	467
graffiti	466
big	464
p0rn	463
abhängen	461
papa ist stolz	460
werbung	460
Ab ins Gas	459
cekay	459
nazi	459
meine Armut kotzt mich an	456
9fag content	455
mario	452
dat	450
ü40 humor	448
jlaw	446
Nicht schon wieder wichsen	445
guter mann	445
möpse	445
Silikon	444
lodere es	440
affe	439
facebook	437
michael bay	437
sandneger	436
Hure	435
Bosstransformation	434
Speckschlotzen	434
party hard	433
spiderman	432
Es gibt reis baby	431
muss weg	431
Jennifer Lawrence	430
1000 Sonnen	428
Playboy	428
baby	428
true	428
wet	427
Sie begehrt den Hahn	426
iphone	426
Minecraft	423
Wasser	423
high heels	422
schnee	421
Girlfriend material	420
Malena Morgan	420
niemals ne tochter	420
fliesentischbesitzer	418
motorrad	418
Wie oft denn noch?	416
lingerie	416
murrica	416
Kürbiskuchen	413
Melissa	412
fette titten	411
homer	408
Hintergrundbild	407
asia	407
booty	407
skill	406
pizza	405
polizei	405
schlimmer als gore	402
butterface	401
WOLFGANG PASS AUF!	399
wat	399
würde kaufen	398
9/11	397
drugs	397
steam	397
Respektschelle	395
darwin award	395
funny	394
'murica	390
die	389
henri der hurensohn	389
nein	389
kill it with fire	388
panzer	388
russen	388
eule	386
warum?	386
gopro	385
pov	385
1112	384
Fußball	384
squirt	384
true story	383
freckles	382
geile sau	382
schwuchtel	381
ANNA DIE HURE	380
Not safe for Werbepartner	380
cha0s	380
artgerecht	379
dayz	379
schlecht	379
adolf	378
creepy	377
frühstück	377
merkel	377
minusbenisfarmer	376
buttplug	374
nicht	373
unnötig	371
2deep4me	370
apple	370
bayeux	370
facial	369
fuchs	369
game	369
gänsehaut	368
perfekte titten	368
Illuminati	367
Islam	367
old	367
acid	366
Emo	365
Little Caprice	365
flugkadse	365
black	363
Christian Harten	361
VERDIENT!	361
shit	361
Fallout	360
anjelica	360
attentionwhore	359
420 lodere es	358
mdma	358
ist	357
party	357
Ukraine	356
rip in peace	356
nintendo	355
kfc	354
Aquaknarre	352
Frau am Steuer	352
Demokratie	350
busty	350
Zitat	349
pool	349
Die Partei	348
WÜRDE wenn ich dürfte..	348
ente	348
nylons	348
Fickschnitzel	347
League of Legends	347
The Walking Dead	347
league of faggots	347
Meinungsverstärker	346
axel stoll	346
spast	346
Bildungsauftrag	345
Bundeswehr	345
burger	345
Süßvieh	344
avatar	344
handjob	344
vogel	344
Elepant	343
spaceporn	343
kann ich auch	342
pedo	342
deutsche Wertarbeit	341
muss neu sein	341
Hannibal	340
bullshit	340
Cyanide & Happiness	339
wasserkadse	339
emma	337
keine seele	337
heisenberg	336
ninja	336
justpr0grammthings	334
rtl	334
schwarz weiss	334
Stups	332
kein fake	332
4Chan der Hurensohn	331
selten die Dinger	331
früher war alles besser	330
wolfgang pass auf	330
applefag	329
Pferd	328
artwork	328
crash	328
scat	328
eingeniggt	327
essen	327
Tellernippel	326
creampie	326
link	326
meth	326
stachelkadse	326
suicide	326
loop 9/10	325
wehrmacht	325
/b/	324
behindert	324
fisch	324
füße	324
propaganda	324
r34	324
reh	324
Heimat	323
Penny	323
girls	323
dumm	322
Fahrrad	321
Joker	321
fat	321
linux	321
süßviecher	321
9fag humor	320
Katy Perry	319
Dark Souls	318
feuer	318
beach	317
stattlicher Lörres	317
richter würde verstehen	316
socks	316
Krebs	314
beste	314
kawaii	314
love	314
nostalgiefarmer	314
bester film	313
mindfuck	313
pantyhose	313
sweet	313
held	312
und	312
Beichthaus	311
downvotepflicht	311
soße	311
Wichtel-OC	310
lörres	310
omnomnom	310
rauslaüpen	310
Piss dich alde	309
gap	309
tattoos	309
Mercedes	308
Strumpfhose	308
paint	308
60fps	307
magie ist physik durch wollen	307
wald	307
vertical video syndrome	306
özil	306
Kate Upton	305
küche	305
unser junge	305
china	304
läuft	304
spiegel	304
baum	303
public	303
Kadsen	302
fappening	302
60 FPS	300
homo	300
idiot	300
southpark	300
Gutes Mädchen	299
Taylor Swift	298
¯\ (ツ) /¯	297
Fickmichblick	296
shemale	296
Komische Küche	295
bud spencer	294
panda	294
bacon	293
igel	293
nazinostalgie	293
sloth	292
futurama	291
naked	291
Drogen	290
Trippy	290
spinne	290
10/10 loop	289
geiler arsch	289
sperma	289
star	289
buntvieh	288
eis	288
früh übt sich	288
haarig	288
plastik	287
Handyfotze	285
boss	285
kein repost	285
würde würdigen	285
p0ster	284
schinken	284
screenshot	284
space	284
zombie	284
beste serie	283
fappieren	283
schlampe	283
organspender	282
guter Film	281
metal	281
portal	281
stabil	281
Harry Potter	280
hunt	280
Hakenkreuz	279
Natalie Dormer	279
erwartet	279
juden	279
natur	279
sideboob	279
würde essen	279
bioshock	278
naruto	278
anus	277
evolution	277
fugs	277
pikachu	277
Yoga	276
google	276
manga	276
naturally	276
Nazi-Nostalgie	275
derp	275
nackt	275
remy lacroix	275
warhammer 40k	275
darwin	274
downvote	274
perfektion	274
reddit	274
efukt	273
halloween	273
soon	273
Hängetitten	272
Matrix	272
wolf	272
NTNG	271
Richter würde	271
Sand im getriebe	271
nutte	271
polandball	271
car	270
fkk	270
würde alle	270
zarte 87kg	269
ariel	268
aus dem leben gegriffen	268
badass	268
läuft bei ihr	268
nett	268
schlechter loop	268
smile	268
wwe	268
dexter	267
epic	267
natur du krankes stück scheiße	267
ADOLFKACKEBART	266
Naschkadse	266
busch	266
was zum fick bin ich sehend?	266
9cancer	265
Zitteraal	265
pr0grammer	265
ww2	265
Patrick	264
dolan	264
opfer	264
übermensch	264
Wichteln	263
earthp0rn	263
fuck the police	263
inzest	263
jugendwort	263
Erdbeerwoche	261
Jungfrau	261
einmal mit Profis	261
overknees	261
HDR	260
Jessica Nigri	260
Nostalgia	260
endlaser	260
fodse	260
mlp	260
Titanic	259
bestimmt schon 14	259
lecken	259
pink	259
würde heiraten	259
GABEN	258
Lappen	258
Wurstfinger	258
hase	258
nordland	258
fatality	257
internet	257
möse	257
popo	257
aua	256
babe	256
bart	256
dragonball	256
mehr hentai für pr0	256
dota	255
not	255
rape time	255
ugly	255
Elefant	254
ban	254
g0re	254
heiß	254
kein oc	254
science	254
Walter White	253
befriedigend	253
das	253
fluffy	253
rasiert	253
firefox	252
ikea	252
Flugzeug	251
Riley Reid	251
Rote Rakete	251
Schnabelkadse	251
balls of steel	251
interracial	251
streifenkadse	251
orgasm	250
Österreich	250
08/15	249
kotnascher	249
Mama als sie noch jung war	248
brille	248
fox	247
Emily Bloom	246
Läuft bei ihm	246
feminism	246
kind	246
nomnomnom	246
unterschicht	246
wurst	246
Maus	245
dick	245
Augen	244
Bong	244
Did He Died?	244
Schweden	244
magic	244
nipples	244
richtiger kevin	244
einmal mit profis arbeiten	243
femdom	243
gott	243
Religion des Friedens™	242
dance	242
you	242
Göttin	241
schwarz	241
Miley Cyrus	240
big boobs	240
neuland	240
schwarzes Loch	240
Schleckermäulchen	239
Schweiz	239
wie oft noch?	239
Basketball	238
Biomasse	238
Food Porn	238
rerepost	238
so ein feuerball junge	238
soße?	238
was ein lörres	238
Keller	237
Schönheit	237
blaze it	237
christian steifen	237
eins geblasen	237
fettsack	237
gollum	237
hungriger hugo	237
Niemals eine Tochter	236
auge	236
diese POsition	236
upskirt	236
Kaley Cuoco	235
zug	235
Audi	234
Like a Boss	234
Reichsflugscheibe	234
löwe	234
schildkröte	234
Pulp Fiction	233
Repost in Sicht Downvotepflicht	233
dusche	233
foodgore	233
titts	233
Bad	232
cock	232
explosion	232
oldschool	232
rammstein	232
warhammer40k	232
wh40k	232
white	232
Benisfarm	231
GOREtex	231
kein stattrak	231
mach ich auch kann ich aber nich	231
pr0	231
sommersprossen	231
banane	230
tot	230
traum	230
classic	229
face	229
rotschopf	229
Skateboard	228
hamburg	228
red	228
Bestes Spiel	227
Meer	227
Schlauvieh	227
messer	227
loop 8/10	226
tanga	226
and	225
gebärfreudiges Becken	225
Würde sofort	224
bukkake	224
high	224
nichtlustig	224
snapchat	224
stoya	224
string	224
Adventure Time	223
Schneekadse	223
darth vader	223
outdoor	223
rererepost	223
sniper	223
chubby	222
inception	222
mongo	222
police	222
surprise	222
Tag deine Scheisse	221
disney	221
pr0gramm @ wörk	221
youtube	221
bounce	220
cannabis	220
dreck	220
fagbook content	220
schlange	220
Gute alte Zeit	219
Lexi Belle	219
Wahrheit	219
Was ist denn mit Karsten los?	219
doggy	219
earth porn	219
glory hole	219
herr der ringe	219
lustik	219
Autismus	218
Rüdiger	218
SNES	218
Stumpf ist Trumpf	218
facesitting	218
fuck the system	218
geiler bauch	218
keine Kapriolen	218
Fight Club	217
gas	217
justmuselthings	217
schwalbe	217
wiggle wiggle wiggle	217
legs	216
mit	216
Kadse	215
Karma	215
chemtrails	215
cthulhu	215
Chloe Grace Moretz	214
RFrei	214
lustig	214
steampunk	214
winter	214
Epilepsie	213
Fingern	213
Kacke stampfen	213
ariana grande	213
beauty	213
nom nom nom	213
pr0paganda	213
richtig geile titten	213
tailplug	213
watson	213
Majestätisch	212
Nicht so tief Rüdiger!	212
frog	212
liebe	212
springbrunnen	212
star trek	212
zu alt	212
Gras	211
Norwegen	211
Weihnachten	211
hobbit	211
liveleak	211
rindvieh	211
rule34	211
tf2	211
9gag content	210
Schlauchkefer	210
da drückste +	210
ficken	210
jackass	210
skinny	210
wie oft denn noch	210
überbewertet	210
hypnotisierend	209
kacke	209
Presslufthammer	208
frosch	208
führer	208
lost places	208
nerd	208
stoned	208
zunge	208
Die Kraft kommt aus dem Keller	207
SIE fickt IHN	207
grinsebacke	207
man	207
seks	207
twitter	207
Aimbot	205
hegse	205
hunger	205
leggings	205
537	204
Ahri	204
Tits or gtfo	204
arschloch	204
gandalf	204
geile Titten	204
hai	204
meanwhile in russia	204
sie erblicken mich rollend	204
BAM	203
Madison Ivy	203
slut	203
Feuchter Keller	202
hand	202
ich	202
predator	202
she wants the D	202
Es gibt Reis	201
Selfpr0n	201
filmposter	201
schleichwerbung	201
Husky	199
Muh Childhood	199
Rüsselkadse	199
anlauf statt gleitgel	199
eichhörnchen	199
finger	199
michael jackson	199
smooth	199
spaltbares material	199
widerlich	199
> wörk	197
balls	197
cunt	197
fette sau	197
gangbang	197
jew	197
windows	197
Heiraten	196
The Filmp0stering	196
Tittenwettbewerb	196
Zarte 87 Kilo	196
borderlands	196
eyes	196
justgirlythings	196
milch	196
superman	196
thick	196
top gear	196
Christy Mack	195
Mia Malkova	195
Vorbild	195
blut	195
fetisch	195
israel	195
NSA	194
aldebaran	194
deep throat	194
hamster	194
pr0gramm user	194
hübsch	193
n64	193
porsche	193
scrubs	193
Blausäure und Fröhlichkeit	192
Scarlett Johansson	192
attack on titan	192
model	192
noob	192
dötz	191
facepalm	191
furry	191
schwein	191
sexualdeliktförderndes Beinkleid	191
wasserfall	191
würde lecken	191
FlatterFotze	190
Gernhardt Reinholzen	190
Kuh	190
butthurt	190
food	190
hayvan	190
hurensöhne	190
nicht lustig	190
peter	190
sauce	190
Alexis Ren	189
Nussknacker	189
Rimjob	189
kurze kurze Hosen	189
natureporn	189
richtig so	189
Adolf Hitler	188
Dani Daniels	188
FLEISCH	188
Papas Stolz	188
Polen	188
Untermenschenhumor	188
feels	188
haftbefehl	188
meme	188
partyphoto	188
threesome	188
voll in die fresse	188
Uni Darmstadt	187
pinguin	187
rot	187
Anna	186
CS:Go	186
Rostiges Dach	186
exorzismus	186
landebahn	186
sie sehen mich rollend	186
4fuckr	185
Gta V	185
blaue augen	185
cartman	185
dead	185
fight	185
halo	185
lohnt wirklich nicht	185
monster	185
nom	185
stefipant	185
Asa Akira	184
Nacktschnecke	184
blasen	184
kaputt	184
natursekt	184
panties	184
CSGO	183
Krieg	183
bitchslap	183
blondine	183
chicken	183
legit	183
schon	183
pedobär	182
will haben	182
wrestling	182
Khaleesi	181
Kuchen	181
Zahnspange	181
faceplant	181
hulk	181
juicy	181
leggins	181
retro	181
see	181
super mario	181
badewanne	180
deadpool	180
und jetzt?	180
brainfuck	179
fags	179
flash	179
kiss	179
kniestrümpfe	179
never forget	179
Kann man machen	178
Kotze	178
beer	178
der Gerät	178
lauch	178
passiert mir auch immer	178
scheide	178
schnaufte	178
Superaids	177
comic sans	177
deren Jungs	177
krokodil	177
lachte	177
lupenreiner demokrat	177
schwarzer humor	177
skalarwellen	177
tumblr	177
with	177
Bunny	176
Concept	176
camper	176
eminem	176
haare	176
oil	176
streetart	176
they see me rollin	176
vergewalTIGER	176
Baumkadse	175
bike	175
boom	175
corsage	175
nasa	175
traurig	175
verdient	175
Öl macht alles besser	175
Alphafrau	174
Frauen	174
alpha	174
bear	174
bus	174
faye reagan	174
gegenteiltag	174
rihanna	174
damals	173
justdorfkindthings	173
missgeburt	173
perpetuum mobile	173
twerk	173
waldkadse	173
Sie ist sehr gut	172
delivered	172
kinderkacke	172
lost	172
original content	172
riesentitten	172
underboob	172
Emma Stone	171
Giraffe	171
Japanoscheißdreck	171
amateur	171
film	171
kindheitserinnerung	171
lohnt sich	171
stargate	171
würde auch	171
MFC	170
bayern	170
gingerpuss	170
pew pew	170
rakete	170
religion	170
snake	170
Blasphemie	169
Dota 2	169
Grinsekadse	169
Leanna Decker	169
MMA	169
anschluss	169
bombenstimmung	169
forever alone	169
hardcore	169
masterrace	169
schöne Augen	169
xbox	169
Ashe Maree	168
Pr0s schönste Mösen	168
Repost	168
So ein Feuerball	168
dumm gelaufen	168
flauschig	168
football	168
gameboy	168
kartoffel	168
nike	168
pedobear	168
topless	168
Genius	167
Waschbär	167
fettvieh	167
happy	167
lava	167
masturbation	167
natürlicher lebensraum	167
stormtrooper	167
that escalated quickly	167
Dr. Axel Stoll	166
hairy	166
jinx	166
köln	166
npd	166
physik	166
strapse	166
suicidegirls	166
Holly Michaels	165
Kindheitserinnerungen	165
diabetes	165
du geile	165
fantasy	165
filetstück	165
fisting	165
freedom	165
high five	165
life	165
opa	165
Kot	164
eier	164
justin bieber	164
king	164
kletterkadse	164
omomom	164
tanlines	164
transformers	164
war	164
zoidberg	164
Burg	163
dashcam	163
fickvieh	163
its a trap	163
laser	163
quake	163
roadkill	163
win	163
zu fett	163
das war kein meter	162
dicke eier	161
sand	161
Baseball	160
Gesichtselfmeter	160
Megan Fox	160
awesome	160
cool	160
die gedanken sind frei	160
frankreich	160
hl3 confirmed	160
jeans	160
justniggerthings	160
pr0gramms schönste burgen	160
wichteln	160
wiggle	160
Offenbach	159
adidas	159
bambi	159
jessica	159
kinder	159
kkk	159
komplett rasiert	159
pisse	159
super	159
szyma	159
süßfieh	159
Aufmerksamkeitshure	158
Battlefield	158
Gernhard Reinholzen	158
Mit Anlauf	158
Supernatural	158
berge	158
gesichtsgulasch	158
hard	158
herz	158
lkw	158
mcdonalds	158
nippelpiercing	158
orgasmus	158
owl	158
tiergore	158
Blitz	157
Oma	157
Polenböller	157
fapulous	157
glasses	157
grab	157
hexe	157
hold my beer	157
kleiner benis	157
kmiz	157
noch nie gesehen	157
schöne aussicht	157
silberblick	157
404 soul not found	156
Hypnose	156
Jada Stevens	156
für	156
justjapanthings	156
newfags	156
prank	156
swastika	156
warum	156
420 blaze it	155
Abschaum	155
DDR	155
Selfie-Fotzen	155
Ziege	155
close enough	155
clown	155
faultier	155
neilunzen	155
schwanger	155
wie oft noch	155
Lucy	154
Pickel	154
PosenFotze	154
backflip	154
bauchnabelpiercing	154
blau	154
erwischt	154
gegen spoiler in den tags	154
peng	154
repost!	154
ronny	154
spurdo	154
Deine Mutter	153
Herrenrasse	153
Kellerkind	153
bachelor	153
deutsch	153
goatse	153
langohrkadse	153
no homo	153
redneck	153
tank	153
wahre liebe	153
Terminator	152
Wildkadse	152
Würde	152
arier	152
billig	152
easy	152
ein	152
eklig	152
ramsen	152
schule	152
Neid	151
Nuke the cube	151
Son Goku	151
UPS	151
bitches	151
breast	151
delete	151
dillion harper	151
geld	151
justrussianthings	151
richter würde es verstehen	151
syrien	151
tschernobyl	151
vandalismus	151
world of warcraft	151
Paris	150
R.I.P.	150
amüsant da adipös	150
beautiful	150
boxxy	150
island	150
links	150
mirror	150
nass	150
sonne	150
train	150
2014	149
Fickmichsprossen	149
Kratzer	149
pain	149
richter würde auch	149
schlauchkadse	149
sport	149
starwars	149
tldr	149
water	149
New York	148
Zigeuner	148
safety first	148
schokolade	148
tyrone	148
Postillon	147
brücke	147
evtl. fett	147
klo	147
playstation	147
traumhaft	147
verpiss dich	147
walking dead	147
Live Leak Gütesiegel	146
New Kids	146
Vice	146
cheater	146
cheerleader effekt	146
drift	146
gimmedat	146
human centipede	146
mann	146
pc masterrace	146
selena gomez	146
sonnenuntergang	146
triforce	146
Hammertime	145
Stahlkadse	145
frankfurt	145
ifag	145
länderbälle	145
melonen	145
natürliche auslese	145
nazis	145
sonic	145
stubs	145
Korea	144
Melone	144
Nase	144
Starcraft	144
cleavage	144
feuerwerk	144
fick-mich-Blick	144
kaffee	144
nicht jlaw	144
sonnenbrand	144
tag deinen scheiß!	144
tetris	144
undicht	144
vulkan	144
1243	143
Choo Choo Motherfucker	143
Frohvieh	143
Kopflos	143
chantal	143
doom	143
drache	143
gesund	143
lame	143
lena	143
leopard	143
schmusekadse	143
science bitch	143
venushügel	143
würdig	143
CoD	142
Fallout 3	142
Loop 7/10	142
Randy Marsh	142
SCHEISS	142
abtreibung	142
amazon	142
bushido	142
conchita wurst	142
die hat doch was an	142
earthpr0n	142
god	142
hodor	142
kartoffelcam	142
kim	142
schluckspecht	142
sexhine	142
thor	142
Bett	141
Koks	141
München	141
Panzerkadse	141
Stinkefinger	141
abgeniggt	141
jägermeister	141
mexico	141
musste lachen	141
piss	141
plug	141
Arsch frisst Hose	140
Black Metal	140
Durchfall	140
Erwartungen übertroffen	140
Garfield	140
Pr0 content	140
Ryan lunzen	140
Traumjob	140
apfel	140
breasts	140
cuteness overload	140
einhorn	140
godzilla	140
imposand	140
kalt	140
like	140
loch	140
staubsauger	140
xtc	140
Islamisierung stoppen	139
bäh	139
community	139
dafuq	139
feministin	139
germany	139
london	139
mach ich aber nicht	139
nur ein kratzer	139
overrated	139
so muss das	139
zensiert	139
11/10	138
It's a trap	138
Kampfkadse	138
Surprise Buttsex	138
boot	138
fuß	138
gesäß	138
gleichberechtigung	138
heil	138
ironie	138
komischer Keller	138
läderlappen	138
mops	138
nazischeiße	138
nusskadse	138
psycho	138
russe	138
wars	138
yoda	138
Dude	137
Schlaganfall	137
ach das is ingame	137
arsch offen	137
festival	137
geile	137
lamborghini	137
nylon	137
ob du behindert bist?	137
schbinne	137
selbstmord	137
smoke	137
u wot m8	137
Carp0rn	136
Füße lecken	136
Schmetterling	136
auf	136
best	136
fickbar	136
none	136
russenhocke	136
schwarze magie	136
seelenlos	136
zeichnung	136
9fagcontent	135
Brent approved	135
Mac	135
Nicolas Cage	135
Raubkadse	135
Schlepphoden	135
afrika	135
haha	135
kopfschmerzen	135
nebel	135
omg	135
teamwork	135
weird boner	135
zarte 87 kg	135
zuckerguss	135
zwillinge	135
Da drückste Minus!	134
Daywalker	134
blondie	134
einladend	134
fagphone	134
kann einer ma den Typ Bannen?	134
kann man mal rapen	134
prachtexemplar	134
retard	134
satan	134
slawen	134
tim wiese	134
trocken	134
wörkspace	134
Du Hast Da Was	133
Hailey Leigh	133
Machete	133
Mercedes-Benz	133
Wal	133
arschgesicht	133
bellkadse	133
internationales finanzjudentum	133
iron man	133
junge	133
nfsw	133
terence hill	133
thanks	133
transformer	133
Blondi	132
Hätte Dickbutt erwartet	132
fit	132
glitch	132
gold	132
hacker	132
magie	132
mond	132
musik	132
neu	132
nig	132
nukular	132
peter griffin	132
regenbogen	132
respekt	132
robin	132
Aber zeigs keinem	131
Made in China	131
Toilette	131
american dad	131
assassins creed	131
der Richter würde es verstehen	131
james bond	131
massage	131
monty python	131
nes	131
nicht in der Küche	131
noch warm	131
ratte	131
slap	131
warhammer	131
was zum fick	131
würde fahren	131
Angie Varona	130
Goa	130
Gunporn	130
Mads Mikkelsen	130
Post	130
Rostiges Dach Feuchter Keller	130
ach das ist ingame?	130
bang	130
bender	130
cheerleadereffekt	130
chewbacca	130
gesicht	130
good old times	130
hoden	130
holz	130
krüppel	130
mario kart	130
minibenis	130
owned	130
pr0gramm hat bastelauftrag	130
round	130
swimsuit	130
vietnam	130
Blow Job	129
Looppotenzial verschenkt	129
Mass Effect	129
Robin Williams	129
Schmid der Hurensohn	129
ball	129
bryci	129
chaturbate	129
childhood	129
daneben	129
der ficker	129
digimon	129
europa	129
gesundheit	129
goat simulator	129
gothic	129
gun	129
lohnt echt nicht	129
mexiko	129
mustang	129
normal	129
rack	129
schrott	129
snow	129
tori black	129
trick 17	129
Benz	128
Spaß bei der Arbeit	128
Tessa Fowler	128
adhs	128
breaking	128
eng	128
ferd	128
ford	128
haters gonna hate	128
how to basic	128
käse	128
loli	128
monobraue	128
nutella	128
rechts	128
rock	128
schekel schekel	128
schloss	128
volkswagen	128
würde mehrmals	128
911	127
anal ist muttersprache	127
artgerechte haltung	127
backfisch	127
banksy	127
clit	127
elektrojude	127
england	127
falsches loch	127
fleischwunde	127
fleshlight	127
fucking	127
gutelaunetyp	127
horse	127
kein	127
kollegah	127
massephase	127
müde	127
nailed it	127
nicht so schnell rüdiger	127
real	127
sansa stark	127
statistik	127
suizid	127
true detective	127
wasserkefer	127
welpe	127
whore	127
Burning Man	126
Fickspalte	126
HowToBasic	126
Orginal Content	126
Otter	126
Rosetta	126
albino	126
cyka	126
doggystyle	126
ferrari	126
frank	126
grün	126
görchen	126
harte nippel	126
heul doch	126
kirche des bizeps	126
natural	126
one	126
potato	126
spalte	126
Demokratisierer	125
Hebbet würde	125
Kartoffelsalat	125
Maria Ryabushkina	125
Shut up and take my money	125
Sodomie	125
bra	125
g36	125
germoney	125
gloryhole	125
kim kardashian	125
shower	125
tittenvieh	125
trottel	125
when the acid kicks in	125
Clint Eastwood	124
Gutmensch	124
Rimming	124
cola	124
cutze	124
drunk	124
emily ratajkowski	124
feuerwehr	124
gilf	124
guy	124
justfedorthings	124
lel	124
lifehack	124
nicht fedor	124
reichtangle	124
stalker	124
stein	124
sushi	124
Burgporn	123
Nissan	123
alice	123
america	123
fettarsch	123
